{"cameraMode":{"drawMode":0,"name":"Shaded","section":"Shading Mode"},"sceneLighting":true,"audioPlay":false,"sceneViewState":{"showFog":true,"showMaterialUpdate":false,"showSkybox":true,"showFlares":true,"showImageEffects":true,"showParticleSystems":true},"in2DMode":false,"pivot":{"x":47.086299896240237,"y":-51.21879196166992,"z":58.9903678894043},"rotation":{"x":-0.44073686003685,"y":-0.2616732716560364,"z":0.13603311777114869,"w":-0.8478049039840698},"size":133.51625061035157,"orthographic":false}