{"cameraMode":{"drawMode":0,"name":"Shaded","section":"Shading Mode"},"sceneLighting":true,"audioPlay":false,"sceneViewState":{"showFog":true,"showMaterialUpdate":false,"showSkybox":true,"showFlares":true,"showImageEffects":true,"showParticleSystems":true},"in2DMode":false,"pivot":{"x":36.803924560546878,"y":-3.513803482055664,"z":84.33724975585938},"rotation":{"x":0.07003439962863922,"y":0.27494052052497866,"z":-0.02008405327796936,"w":0.9586967825889587},"size":45.92124938964844,"orthographic":false}