{"cameraMode":{"drawMode":0,"name":"Shaded","section":"Shading Mode"},"sceneLighting":true,"audioPlay":false,"sceneViewState":{"showFog":true,"showMaterialUpdate":false,"showSkybox":true,"showFlares":true,"showImageEffects":true,"showParticleSystems":true},"in2DMode":false,"pivot":{"x":40.06294631958008,"y":-2.3823609352111818,"z":10.818914413452149},"rotation":{"x":0.01627003587782383,"y":0.9836980104446411,"z":-0.12252945452928543,"w":0.13061408698558808},"size":20.798131942749025,"orthographic":false}