{"cameraMode":{"drawMode":0,"name":"Shaded","section":"Shading Mode"},"sceneLighting":true,"audioPlay":false,"sceneViewState":{"showFog":true,"showMaterialUpdate":false,"showSkybox":true,"showFlares":true,"showImageEffects":true,"showParticleSystems":true},"in2DMode":false,"pivot":{"x":57.44544982910156,"y":-11.869677543640137,"z":47.32975769042969},"rotation":{"x":-0.10356194525957108,"y":-0.744924783706665,"z":0.11900897324085236,"w":-0.6482275128364563},"size":45.92124938964844,"orthographic":false}