{"cameraMode":{"drawMode":0,"name":"Shaded","section":"Shading Mode"},"sceneLighting":true,"audioPlay":false,"sceneViewState":{"showFog":true,"showMaterialUpdate":true,"showSkybox":true,"showFlares":true,"showImageEffects":true,"showParticleSystems":true},"in2DMode":false,"pivot":{"x":91.21185302734375,"y":192.20254516601563,"z":-320.190185546875},"rotation":{"x":-0.05603891238570213,"y":0.015578962862491608,"z":0.0008749528205953538,"w":0.9983066916465759},"size":25.6263484954834,"orthographic":false}