{"cameraMode":{"drawMode":0,"name":"Shaded","section":"Shading Mode"},"sceneLighting":true,"audioPlay":false,"sceneViewState":{"showFog":true,"showMaterialUpdate":false,"showSkybox":true,"showFlares":true,"showImageEffects":true,"showParticleSystems":true},"in2DMode":false,"pivot":{"x":64.37420654296875,"y":-55.09462356567383,"z":-61.632606506347659},"rotation":{"x":-0.034689221531152728,"y":-0.9560110569000244,"z":0.26243066787719729,"w":-0.1263716220855713},"size":133.51625061035157,"orthographic":false}